Name,Caption,Alt
well_fed_red_head_1,Well-fed little red-head,Baby1
well_fed_red_head_2,Well-fed little red-head,Baby2
hospital_bill,Hospital bill for delivery and one week stay,Hospital Bill
baby_3,Baby Photo,Baby Photo 3
baby_4,Baby Photo,Baby Photo 4
baby_5,Baby Photo,Baby Photo 5
baby_6,Baby Photo,Baby Photo 6
baby_7,Baby Photo,Baby Photo 7
baby_8,Baby Photo,Baby Photo 8
baby_9,Baby Photo,Baby Photo 9
baby_10,Baby Photo,Baby Photo 10
baby_11,Baby Photo,Baby Photo 11
baby_12,Baby Photo,Baby Photo 12
toddler_3,Toddler Photo,Toddler Photo 3
toddler_4,Toddler Photo,Toddler Photo 4
toddler_5,Toddler Photo,Toddler Photo 5
toddler_6,Toddler Photo,Toddler Photo 6
toddler_7,Toddler Photo,Toddler Photo 7
toddler_8,Toddler Photo,Toddler Photo 8
toddler_9,Toddler Photo,Toddler Photo 9
toddler_10,Toddler Photo,Toddler Photo 10
toddler_11,Toddler Photo,Toddler Photo 11
clearys_1,Cleary,Cleary 1
clearys_2,Cleary,Cleary 2
clearys_3,Cleary,Cleary 3
clearys_4,Cleary,Cleary 4
clearys_5,Cleary,Cleary 5
clearys_6,Cleary,Cleary 6
clearys_7,Cleary,Cleary 7
clearys_8,Cleary,Cleary 8
clearys_9,Cleary,Cleary 9
clearys_10,Cleary,Cleary 10
clearys_11,Cleary,Cleary 11
clearys_12,Cleary,Cleary 12
clearys_13,Cleary,Cleary 13
clearys_14,Cleary,Cleary 14
obit_1,Obituary for Mrs. Thomas Cleary,Obituary 1
obit_2,Obituary for Mrs. Thomas Cleary,Obituary 2
obit_3,Obituary for Mrs. Thomas Cleary,Obituary 3
aunt_eve_and_mother,Aunt Eve and Mother,Aunt Eve and Mother
grandma,Grandma,Grandma
aunt_ann,Aunt Ann,Aunt Ann
aunt_eve,Aunt Eve,Aunt Eve
with_mother,Mother and I,With Mother
marie_tom_i_uncle_bill,"Marie, Tom and I with Uncle Bill",With Uncle Bill
marie_and_i,Marie and I,Marie and I
grandfather_cleary,Grandfather Cleary,Grandfather Cleary
harrisburg_toddler1,Me as a toddler in nearby park,Park Toddler 1
harrisburg_toddler2,Me as a toddler in nearby park,Park Toddler 2
harrisburg_toddler3,Me as a toddler in nearby park,Park Toddler 3
unlce_maurice_and_i,Uncle Maurice (Jere) and I,Uncle Maurice and I
me_at_island_beach,"Me at ""Island Beach""",Island Beach 1
mother_and_i_at_island_beach,"With Mother at ""Island Beach""",Island Beach 2
island_beach_3,At Island Beach,Island Beach 3
island_beach_4,At Island Beach,Island Beach 4
island_beach_5,At Island Beach,Island Beach 5
island_beach_6,At Island Beach,Island Beach 6
with_mother_ in_1526_backyard,"With my mother, in the backyard at 1526 Susquehanna St.",Backyard 1
in_1526_backyard_2,In the backyard at 126 Susquehanna St,Backyard 2
in_1526_backyard_3,In the backyard at 126 Susquehanna St,Backyard 3
in_1526_backyard_4,In the backyard at 126 Susquehanna St,Backyard 4
marie_and_i_2,Marie And I,Marie and I 2
marie_dorothy_and_i,"Marie, Dorothy and I",Marie and Dorothy
first_communion,First Communion,First Communion
christmas_letter_to_father,Christmas Letter I wrote to my Father,Christmas Letter
7225_tuxedo_ave,"7225 Tuxedo Ave, Detroit",7225 Tuxedo Ave
cloverlawn_ave,Cloverlawn Avenue,Cloverlawn Avenue
mother_and_peg,"My mother with her friend, Peg Young",Mother and Peg
summer_in_harrisburg_1,Summer in Harrisburg,Harrisburg Summer 1
summer_in_harrisburg_2,Summer in Harrisburg,Harrisburg Summer 2
summer_in_harrisburg_3,Summer in Harrisburg,Harrisburg Summer 3
summer_in_harrisburg_4,Summer in Harrisburg,Harrisburg Summer 4
summer_in_harrisburg_5,Summer in Harrisburg,Harrisburg Summer 5
summer_in_harrisburg_6,Summer in Harrisburg,Harrisburg Summer 6
summer_in_harrisburg_7,Summer in Harrisburg,Harrisburg Summer 7
gettysburg,Gettysburg,Gettysburg
with_uncle_bill,With Uncle Bill,With Uncle Bill 2
pleated_skirt,Pleated Uniform Skirt,Pleated Skirt
pleated_skirt_with_cat,Pleated Uniform Skirt with Cat,Pleated Skirt with Cat
fashion_shot_1,Fashion Shot,Fashion Shot 1
fashion_shot_2,Fashion Shot,Fashion Shot 2
nice_family,What a Nice Family!,Nice Family
high_school_credit_report,High School Report,High School Report
high_school_graduation,High School Graduation Photo,High School Graduation
high_school_graduation_photo,High School Graduation Photo,High School Graduation Photo
graduation_booklet,Little Booklet given at High School Graduation,Graduation booklet
honor_roll_notice_1,Honor Roll Notice,Honor Roll Notice 1
honor_roll_notice_2,Honor Roll Notice,Honor Roll Notice 2
honor_roll_notice_3,Honor Roll Notice,Honor Roll Notice 3
evolution,My Evolution Piece,Evolution
graduation_day,"Graduation Day, June 14, 1936",Graduation Day
high_school_diploma,High School Diploma,High School Diploma
univ_of_detroit_transcript,First Year Transcript from University of Detroit,UofDetroit Transcript
univ_of_detroit_acting,The beginning and end of my Acting Career,Acting Career
univ_of_detroit_classmates,A few of my classmates for the University of Detroit,UofDetroit Classmates
roller_skates_with_kay_goldie,"Roller Skating with my good friend at that time, Kay Goldie",Roller Skates 1
roller_skates,Me in my shoe skates,Roller Skates 2
college_dropout,Me sometime after my time at Univ of Detroit,College Dropout
kay_goldie _and_i,Kay Goldie and I ,Kay Goldie and I 
wayne_univ_night_school,Night school at Wayne University,Wayne University
dorothy_and_i,Dorothy and I,Dorothy and I
pre_war_1,In Pennsyvania before the war,PreWar 1
pre_war_2,In Pennsyvania before the war,PreWar 2
pre_war_3,In Pennsyvania before the war,PreWar 3
boot_camp_graduation_1,Boot Camp Graduation 1944,Boot Camp 1
boot_camp_graduation_2,Boot Camp Graduation 1944,Boot Camp 2
boot_camp_graduation_3,Boot Camp Graduation 1944,Boot Camp 3
marine_travel_1,Marine Travel Stubs,Marine Travel 1
marine_travel_2,Marine Travel Stubs,Marine Travel 2
marine_travel_3,Marine Travel Stubs,Marine Travel 3
kp_duty,What woulud the Marine Corps be without KP?,KP Duty
ration_book_1,Rations Book,Rations Book 1
ration_book_2,Rations Book,Rations Book 2
miramar_1,In Miramar,In Miramar 1
miramar_2,In Miramar,In Miramar 2
mary_star_of_the_sea_1,"Mary Star of the Sea Catholic Church, La Jolla, CA",Mary Star of the Sea 1
mary_star_of_the_sea_2,"Mary Star of the Sea Catholic Church, La Jolla, CA",Mary Star of the Sea 2
rev_thomas_ryan,"Rev. Thomas F. Ryan, O.M.I.",Rev Ryan
wedding_1,"Wedding Day, July 21, 1945",Wedding Day 1
wedding_2,"Wedding Day, July 21, 1945",Wedding Day 2
wedding_3,"Wedding Day, July 21, 1945",Wedding Day 3
wedding_4,"Wedding Day, July 21, 1945",Wedding Day 4
wedding_5,"Wedding Day, July 21, 1945",Wedding Day 5
wedding_6,"Wedding Day, July 21, 1945",Wedding Day 6
wedding_7,"Wedding Day, July 21, 1945",Wedding Day 7
wedding_8,"Wedding Day, July 21, 1945",Wedding Day 8
wedding_9,"Wedding Day, July 21, 1945",Wedding Day 9
jack_and_i,Jack and I,Jack and I
Jack_and_i_back,Back of Photo of Jack and I,Jack and I Back
marine_corps,Marine Corps 1944,Marine Corps
marine_1,Marine,Marine 1
marine_2,Marine,Marine 2
corporal_promotion,Corporal Promotion Memorandum,Corporal
marine_momentos_1,Marine Momento,Marine Momento 1
marine_momentos_2,Marine Momento,Marine Momento 2
marine_momentos_3,Marine Momento,Marine Momento 3
marine_momentos_4,Marine Momento,Marine Momento 4
marine_momentos_5,Marine Momento,Marine Momento 5
marine_momentos_6,Marine Momento,Marine Momento 6
marriage_certificate,Marriage Certificate,Marriage Certificate
marriage_cert_letter,Marriage Certification Letter from Church,Marriage Certificate Letter
park_manor_receipt,Receipt from Park Manor Hotel on Wedding Night,Park Manor
coopers,"Lura, Carl, Gladys and John.  Walters, Okla about June 1934",Coopers
dessie_carljr_gary,"Dessie, Carl Jr and Gary, 1944",Dessie and Carls Boys
our_only_solution_1,Paper written for Religion Class at Univ of Detroit,Our Only Solution 1
our_only_solution_2,Paper written for Religion Class at Univ of Detroit,Our Only Solution 2
our_only_solution_3,Paper written for Religion Class at Univ of Detroit,Our Only Solution 3
our_only_solution_4,Paper written for Religion Class at Univ of Detroit,Our Only Solution 4
our_only_solution_5,Paper written for Religion Class at Univ of Detroit,Our Only Solution 5
our_only_solution_6,Paper written for Religion Class at Univ of Detroit,Our Only Solution 6
our_only_solution_7,Paper written for Religion Class at Univ of Detroit,Our Only Solution 7
dessie_1,Dessie Cooper,Dessie Cooper 1
dessie_2,Dessie Cooper,Dessie Cooper 2
coopers_1,The Coopers,The Coopers
dessie_and_carl,Dessie and Carl,Dessie and Carl
john_carl_gladys,"John, Carl and Gladys",John Carl and Gladys
baby_portrait_1,Baby Portrait,Baby Portrait 1
baby_portrait_2,Baby Portrait,Baby Portrait 2
first_communion_cert,Certificate of First Communion,First Communion Certificate
unknown_1,Unknown,Unknown 1
unknown_2,Unknown,Unknown 2
